{
  "items": [
    {
      "id": null,
      "encounterId": "0101091880414",
      "text": null,
      "memberDOB": "Jan 02, 1972",
      "dateOfService": "Jan 02, 2018",
      "submissionFormatType": null,
      "submissionTypeOrRunId": null,
      "operationOn": null,
      "globalSearchType": 0,
      "memberId": "5362815",
      "memberName": "Dustin Stuart",
      "providerId": "1851370910",
      "providerName": "HOSPITAL OF THE UNIV OF PA",
      "claimType": 0,
      "lineNumber": "1975974"
    },
    {
      "id": null,
      "encounterId": "0101101771206",
      "text": null,
      "memberDOB": "May 23, 1963",
      "dateOfService": "Jan 01, 2017",
      "submissionFormatType": null,
      "submissionTypeOrRunId": null,
      "operationOn": null,
      "globalSearchType": 0,
      "memberId": "5469143",
      "memberName": "Dan Stuart",
      "providerId": "1124023015",
      "providerName": "NAZARETH HOSPITAL",
      "claimType": 0,
      "lineNumber": "1993396"
    },
    {
      "id": null,
      "encounterId": "0101131770036",
      "text": null,
      "memberDOB": "Feb 16, 1981",
      "dateOfService": "Jan 12, 2017",
      "submissionFormatType": null,
      "submissionTypeOrRunId": null,
      "operationOn": null,
      "globalSearchType": 0,
      "memberId": "5413904",
      "memberName": "Blanche Stuart",
      "providerId": "1134303902",
      "providerName": "MONTGOMERY MEDICAL E QUIPMENT",
      "claimType": 0,
      "lineNumber": "2028492"
    },
    {
      "id": null,
      "encounterId": "0101131770062",
      "text": null,
      "memberDOB": "Jun 07, 1967",
      "dateOfService": "Jan 11, 2017",
      "submissionFormatType": null,
      "submissionTypeOrRunId": null,
      "operationOn": null,
      "globalSearchType": 0,
      "memberId": "5413904",
      "memberName": "Blanche Stuart",
      "providerId": "1134303902",
      "providerName": "MONTGOMERY MEDICAL E QUIPMENT",
      "claimType": 0,
      "lineNumber": "2028796"
    },
    {
      "id": null,
      "encounterId": "0101151872627",
      "text": null,
      "memberDOB": "Nov 26, 1972",
      "dateOfService": "Jan 12, 2018",
      "submissionFormatType": null,
      "submissionTypeOrRunId": null,
      "operationOn": null,
      "globalSearchType": 0,
      "memberId": "5750439",
      "memberName": "Jeanne Stuart",
      "providerId": "1134303902",
      "providerName": "MONTGOMERY MEDICAL E QUIPMENT",
      "claimType": 0,
      "lineNumber": "2015086"
    },
    {
      "id": null,
      "encounterId": "0101161871622",
      "text": null,
      "memberDOB": "Feb 16, 1968",
      "dateOfService": "Jan 08, 2018",
      "submissionFormatType": null,
      "submissionTypeOrRunId": null,
      "operationOn": null,
      "globalSearchType": 0,
      "memberId": "5362815",
      "memberName": "Dustin Stuart",
      "providerId": "1245207521",
      "providerName": "UPHS PRESBYTERIAN MEDICAL CENTER",
      "claimType": 0,
      "lineNumber": "1982151"
    },
    {
      "id": null,
      "encounterId": "0101221871715",
      "text": null,
      "memberDOB": "Dec 11, 1969",
      "dateOfService": "Jan 18, 2018",
      "submissionFormatType": null,
      "submissionTypeOrRunId": null,
      "operationOn": null,
      "globalSearchType": 0,
      "memberId": "5693151",
      "memberName": "Art Stuart",
      "providerId": "1780686931",
      "providerName": "ST MARY MEDICAL CTR",
      "claimType": 0,
      "lineNumber": "2196934"
    },
    {
      "id": null,
      "encounterId": "0101231770081",
      "text": null,
      "memberDOB": "Oct 15, 1970",
      "dateOfService": "Jan 21, 2017",
      "submissionFormatType": null,
      "submissionTypeOrRunId": null,
      "operationOn": null,
      "globalSearchType": 0,
      "memberId": "5750439",
      "memberName": "Jeanne Stuart",
      "providerId": "1134303902",
      "providerName": "MONTGOMERY MEDICAL E QUIPMENT",
      "claimType": 0,
      "lineNumber": "2052198"
    },
    {
      "id": null,
      "encounterId": "0101241784286",
      "text": null,
      "memberDOB": "Aug 21, 1973",
      "dateOfService": "Jan 16, 2017",
      "submissionFormatType": null,
      "submissionTypeOrRunId": null,
      "operationOn": null,
      "globalSearchType": 0,
      "memberId": "5469143",
      "memberName": "Dan Stuart",
      "providerId": "1124023015",
      "providerName": "NAZARETH HOSPITAL",
      "claimType": 0,
      "lineNumber": "2076198"
    },
    {
      "id": null,
      "encounterId": "0101291871323",
      "text": null,
      "memberDOB": "Feb 16, 1981",
      "dateOfService": "Jan 16, 2018",
      "submissionFormatType": null,
      "submissionTypeOrRunId": null,
      "operationOn": null,
      "globalSearchType": 0,
      "memberId": "5936466",
      "memberName": "Kristi Stuart",
      "providerId": "1902805245",
      "providerName": "ALBERT EINSTEIN MEDICAL CENTER",
      "claimType": 0,
      "lineNumber": "2195220"
    }
  ]
}