[{
  "id": "aba50775-fedd-44a1-8ffb-a7c3004e349e",
  "programProductId": "5553ae32-83f1-4a6d-804e-8feeeee6aab5",
  "programProductName": "Medicaid",
  "organizationId": "589f5ff5-50ac-4432-8d67-a7a8001f7661",
  "identifier": "ENC3072",
  "lastNameOrganizationName": "Test Sub",
  "contactName": "Test Name",
  "telephoneNumber": "1234567890",
  "payerLastOrOrganizationName": "A2YL INC2",
  "payerAddressLine": null,
  "payerCityName": null,
  "payerStateCode": null,
  "payerZIPCode": null,
  "host": "demo-ftp-url.com",
  "port": 5000,
  "username": "demouser527719",
  "password": "T45$r66TPlu55",
  "rootDirectory": null,
  "payerAdditionalIdentifier": null,
  "planNo": null,
  "iacsId": null,
  "racfId": null,
  "useBabelSubmitter": false,
  "useBabelTransmission": false,
  "tradingPartnerName": "Medicaid 1",
  "receiverName": "MMEDSCMS",
  "institutionalId": "80888",
  "professionalId": "80889",
  "dmeId": "80890",
  "institutionalClaimFilingIndicatorCode": "MA",
  "professionalClaimFilingIndicatorCode": "MB",
  "dmeClaimFilingIndicatorCode": "MB",
  "isMedicare": true,
  "submitterId": null,
  "contractTypeId": 0
}, {
  "id": "db248eac-b805-4f1a-93c6-a7c3004eb900",
  "programProductId": "5553ae32-83f1-4a6d-804e-8feeeee6aab5",
  "programProductName": "Medicaid",
  "organizationId": "589f5ff5-50ac-4432-8d67-a7a8001f7661",
  "identifier": "ENC3071",
  "lastNameOrganizationName": "Test Sub",
  "contactName": "Test Name",
  "telephoneNumber": "1234567890",
  "payerLastOrOrganizationName": "A2YL INC",
  "payerAddressLine": "Suite 400 N",
  "payerCityName": "Arlington",
  "payerStateCode": "VA",
  "payerZIPCode": "22301",
  "host": "demo-ftp-url.com",
  "port": 5000,
  "username": "demouser527719",
  "password": "T45$r66TPlu55",
  "rootDirectory": null,
  "payerAdditionalIdentifier": null,
  "planNo": null,
  "iacsId": null,
  "racfId": null,
  "useBabelSubmitter": false,
  "useBabelTransmission": false,
  "tradingPartnerName": "Medicaid 2",
  "receiverName": "MMP Medicaid receiver",
  "institutionalId": "80891",
  "professionalId": "80892",
  "dmeId": "80895",
  "institutionalClaimFilingIndicatorCode": "MC",
  "professionalClaimFilingIndicatorCode": "MC",
  "dmeClaimFilingIndicatorCode": "MC",
  "isMedicare": false,
  "submitterId": null,
  "contractTypeId": 0
}, {
  "id": "80f1f502-3d2e-4231-a2dc-a7c8007507af",
  "programProductId": "5553ae32-83f1-4a6d-804e-8feeeee6aab5",
  "programProductName": "Medicaid",
  "organizationId": "589f5ff5-50ac-4432-8d67-a7a8001f7661",
  "identifier": "ENC3071",
  "lastNameOrganizationName": "Test Sub",
  "contactName": "Test name",
  "telephoneNumber": "1234567890",
  "payerLastOrOrganizationName": "A2YL INC",
  "payerAddressLine": "Suite 400 N",
  "payerCityName": "Arlington",
  "payerStateCode": "VA",
  "payerZIPCode": "22302",
  "host": "demo-ftp-url.com",
  "port": 5000,
  "username": "demouser527719",
  "password": "T45$r66TPlu55",
  "rootDirectory": null,
  "payerAdditionalIdentifier": null,
  "planNo": null,
  "iacsId": null,
  "racfId": null,
  "useBabelSubmitter": false,
  "useBabelTransmission": false,
  "tradingPartnerName": "Medicaid 3",
  "receiverName": "MMP Medicaid receiver2",
  "institutionalId": "80891",
  "professionalId": "80892",
  "dmeId": "80895",
  "institutionalClaimFilingIndicatorCode": "MC",
  "professionalClaimFilingIndicatorCode": "MC",
  "dmeClaimFilingIndicatorCode": "MC",
  "isMedicare": false,
  "submitterId": null,
  "contractTypeId": 0
}, {
  "id": "1e3a6b47-04e2-4bbb-8f70-a7d7004cdfeb",
  "programProductId": "5553ae32-83f1-4a6d-804e-8feeeee6aab5",
  "programProductName": "Medicaid",
  "organizationId": "589f5ff5-50ac-4432-8d67-a7a8001f7661",
  "identifier": "ENC3072",
  "lastNameOrganizationName": "test sub",
  "contactName": "test name",
  "telephoneNumber": "1234567890",
  "payerLastOrOrganizationName": "A2YL INC3",
  "payerAddressLine": "Line 1",
  "payerCityName": "Arlington",
  "payerStateCode": "VA",
  "payerZIPCode": "22301",
  "host": "demo-ftp-url.com",
  "port": 5000,
  "username": "demouser527719",
  "password": "T45$r66TPlu55",
  "rootDirectory": null,
  "payerAdditionalIdentifier": null,
  "planNo": null,
  "iacsId": null,
  "racfId": null,
  "useBabelSubmitter": false,
  "useBabelTransmission": false,
  "tradingPartnerName": "Medicaid 4",
  "receiverName": "MMEDSCMS",
  "institutionalId": "80888",
  "professionalId": "80889",
  "dmeId": "80890",
  "institutionalClaimFilingIndicatorCode": "MA",
  "professionalClaimFilingIndicatorCode": "MB",
  "dmeClaimFilingIndicatorCode": "MB",
  "isMedicare": true,
  "submitterId": null,
  "contractTypeId": 0
}, {
  "id": "f80710a3-a3e3-43aa-9a5a-a872001b0638",
  "programProductId": "5553ae32-83f1-4a6d-804e-8feeeee6aab5",
  "programProductName": "Medicaid",
  "organizationId": "589f5ff5-50ac-4432-8d67-a7a8001f7661",
  "identifier": "ENC1234",
  "lastNameOrganizationName": "Sub Name",
  "contactName": "Sub Con",
  "telephoneNumber": "1234567890",
  "payerLastOrOrganizationName": "Org 123",
  "payerAddressLine": null,
  "payerCityName": null,
  "payerStateCode": null,
  "payerZIPCode": null,
  "host": "demo-ftp-url.com",
  "port": 5000,
  "username": "demouser527719",
  "password": "T45$r66TPlu55",
  "rootDirectory": null,
  "payerAdditionalIdentifier": null,
  "planNo": null,
  "iacsId": null,
  "racfId": null,
  "useBabelSubmitter": false,
  "useBabelTransmission": false,
  "tradingPartnerName": "Medicaid 5",
  "receiverName": "EDSCMS",
  "institutionalId": "80881",
  "professionalId": "80882",
  "dmeId": "80887",
  "institutionalClaimFilingIndicatorCode": "MA",
  "professionalClaimFilingIndicatorCode": "MB",
  "dmeClaimFilingIndicatorCode": "MB",
  "isMedicare": false,
  "submitterId": null,
  "contractTypeId": 0
}]