{
  "list": [
    {
      "id": "f2dafbbc-473a-46b5-bd3e-a9e5017c1e9d",
      "dataFile": "Corrected Volume.txt",
      "uploadedAt": "2019-01-31T04:03:58.15Z",
      "baseSegmentType": 6,
      "currentErroneousRecordsCount": 2,
      "currentErroneousElementsCount": 2,
      "currentElementErrorsCount": 4,
      "status": 8,
      "progress": 100,
      "notes": null,
      "runId": 772,
      "collectionName": "My Collection",
      "mapName": "Error Correction",
      "controlFileId": 1292,
      "rows": 4,
      "columns": 262,
      "isPartiallyProcessed": false,
      "reRunValidation": false,
      "totalEncounter": 2,
      "contractTypeId": 1,
      "programProductWeight": 64,
      "jobDetails": {
        "runId": 772,
        "jobId": "f2dafbbc-473a-46b5-bd3e-a9e5017c1e9d",
        "jobStatus": 8,
        "loadExecutionDetails": null
      }
    },
    {
      "id": "178d2cdc-41d7-4773-aba1-a9e5004ed74d",
      "dataFile": "Medical Archive.txt",
      "uploadedAt": "2019-01-30T09:47:02.91Z",
      "baseSegmentType": 6,
      "currentErroneousRecordsCount": 9,
      "currentErroneousElementsCount": 7,
      "currentElementErrorsCount": 20,
      "status": 7,
      "progress": 100,
      "notes": null,
      "runId": 771,
      "collectionName": "My Collection",
      "mapName": "Babel Demo Map",
      "controlFileId": 1291,
      "rows": 9,
      "columns": 262,
      "isPartiallyProcessed": true,
      "reRunValidation": false,
      "totalEncounter": 9,
      "contractTypeId": 1,
      "programProductWeight": 64,
      "jobDetails": {
        "runId": 771,
        "jobId": "178d2cdc-41d7-4773-aba1-a9e5004ed74d",
        "jobStatus": 7,
        "loadExecutionDetails": null
      }
    },
    {
      "id": "519d2026-5730-4f3a-ba64-a9e5004005fe",
      "dataFile": "Client Data 20190130.txt",
      "uploadedAt": "2019-01-30T08:53:06.107Z",
      "baseSegmentType": 6,
      "currentErroneousRecordsCount": 1886,
      "currentErroneousElementsCount": 4,
      "currentElementErrorsCount": 2187,
      "status": 8,
      "progress": 100,
      "notes": null,
      "runId": 770,
      "collectionName": "My Collection",
      "mapName": "Error Correction",
      "controlFileId": 1290,
      "rows": 3803,
      "columns": 141,
      "isPartiallyProcessed": false,
      "reRunValidation": false,
      "totalEncounter": 3803,
      "contractTypeId": 1,
      "programProductWeight": 64,
      "jobDetails": {
        "runId": 770,
        "jobId": "519d2026-5730-4f3a-ba64-a9e5004005fe",
        "jobStatus": 8,
        "loadExecutionDetails": null
      }
    },
    {
      "id": "28062c0e-80c0-4e57-92cf-a9e5003cacdf",
      "dataFile": "Client Data.csv",
      "uploadedAt": "2019-01-30T08:40:54.707Z",
      "baseSegmentType": 9,
      "currentErroneousRecordsCount": 10,
      "currentErroneousElementsCount": 29,
      "currentElementErrorsCount": 261,
      "status": 7,
      "progress": 100,
      "notes": null,
      "runId": 769,
      "collectionName": "My Collection",
      "mapName": "Babel Demo Map",
      "controlFileId": 1288,
      "rows": 10,
      "columns": 134,
      "isPartiallyProcessed": false,
      "reRunValidation": false,
      "totalEncounter": 10,
      "contractTypeId": 1,
      "programProductWeight": 8,
      "jobDetails": {
        "runId": 769,
        "jobId": "28062c0e-80c0-4e57-92cf-a9e5003cacdf",
        "jobStatus": 7,
        "loadExecutionDetails": null
      }
    },
    {
      "id": "847b425f-bf25-4d97-827f-a9e50036a058",
      "dataFile": "Medical Archive 2018.csv",
      "uploadedAt": "2019-01-30T08:18:53.147Z",
      "baseSegmentType": 6,
      "currentErroneousRecordsCount": 21,
      "currentErroneousElementsCount": 44,
      "currentElementErrorsCount": 334,
      "status": 7,
      "progress": 100,
      "notes": null,
      "runId": 768,
      "collectionName": "My Collection",
      "mapName": "Error Correction",
      "controlFileId": 1283,
      "rows": 25,
      "columns": 545,
      "isPartiallyProcessed": true,
      "reRunValidation": false,
      "totalEncounter": 21,
      "contractTypeId": 1,
      "programProductWeight": 64,
      "jobDetails": {
        "runId": 768,
        "jobId": "847b425f-bf25-4d97-827f-a9e50036a058",
        "jobStatus": 7,
        "loadExecutionDetails": null
      }
    },
    {
      "id": "2a54a8af-6227-4215-b072-a9e50013cc49",
      "dataFile": "Medical File 2018.txt",
      "uploadedAt": "2019-01-30T06:12:04.777Z",
      "baseSegmentType": 6,
      "currentErroneousRecordsCount": 21,
      "currentErroneousElementsCount": 44,
      "currentElementErrorsCount": 334,
      "status": 7,
      "progress": 100,
      "notes": null,
      "runId": 767,
      "collectionName": "My Collection",
      "mapName": "Babel Demo Map",
      "controlFileId": 1282,
      "rows": 25,
      "columns": 545,
      "isPartiallyProcessed": true,
      "reRunValidation": false,
      "totalEncounter": 21,
      "contractTypeId": 1,
      "programProductWeight": 64,
      "jobDetails": {
        "runId": 767,
        "jobId": "2a54a8af-6227-4215-b072-a9e50013cc49",
        "jobStatus": 7,
        "loadExecutionDetails": null
      }
    },
    {
      "id": "27095506-23e0-49a3-aacb-a9e50007d7a8",
      "dataFile": "Claim_list Data.csv",
      "uploadedAt": "2019-01-30T05:28:33.18Z",
      "baseSegmentType": 6,
      "currentErroneousRecordsCount": 21,
      "currentErroneousElementsCount": 44,
      "currentElementErrorsCount": 334,
      "status": 7,
      "progress": 100,
      "notes": null,
      "runId": 766,
      "collectionName": "My Collection",
      "mapName": "Test Data Map",
      "controlFileId": 1281,
      "rows": 25,
      "columns": 545,
      "isPartiallyProcessed": true,
      "reRunValidation": false,
      "totalEncounter": 21,
      "contractTypeId": 1,
      "programProductWeight": 64,
      "jobDetails": {
        "runId": 766,
        "jobId": "27095506-23e0-49a3-aacb-a9e50007d7a8",
        "jobStatus": 7,
        "loadExecutionDetails": null
      }
    },
    {
      "id": "7c3b4af0-0749-4501-b78e-a9e4018aeba0",
      "dataFile": "Client File.csv",
      "uploadedAt": "2019-01-30T04:57:51.45Z",
      "baseSegmentType": 6,
      "currentErroneousRecordsCount": 21,
      "currentErroneousElementsCount": 44,
      "currentElementErrorsCount": 334,
      "status": 7,
      "progress": 100,
      "notes": null,
      "runId": 765,
      "collectionName": "My Collection",
      "mapName": "Test Data Map",
      "controlFileId": 1280,
      "rows": 25,
      "columns": 545,
      "isPartiallyProcessed": true,
      "reRunValidation": false,
      "totalEncounter": 21,
      "contractTypeId": 1,
      "programProductWeight": 64,
      "jobDetails": {
        "runId": 765,
        "jobId": "7c3b4af0-0749-4501-b78e-a9e4018aeba0",
        "jobStatus": 7,
        "loadExecutionDetails": null
      }
    },
    {
      "id": "7159445c-0be2-4ca2-a011-a9e40066b0aa",
      "dataFile": "Client Data Dump 20190129.csv",
      "uploadedAt": "2019-01-29T11:13:52.97Z",
      "baseSegmentType": 6,
      "currentErroneousRecordsCount": 2,
      "currentErroneousElementsCount": 2,
      "currentElementErrorsCount": 4,
      "status": 8,
      "progress": 100,
      "notes": null,
      "runId": 764,
      "collectionName": "My Collection",
      "mapName": "Test Data Map",
      "controlFileId": 1279,
      "rows": 4,
      "columns": 262,
      "isPartiallyProcessed": false,
      "reRunValidation": false,
      "totalEncounter": 2,
      "contractTypeId": 1,
      "programProductWeight": 64,
      "jobDetails": {
        "runId": 764,
        "jobId": "7159445c-0be2-4ca2-a011-a9e40066b0aa",
        "jobStatus": 8,
        "loadExecutionDetails": null
      }
    },
    {
      "id": "7d7cd49a-111f-4431-83ed-a9e4005d83ec",
      "dataFile": "Client File 2018.csv",
      "uploadedAt": "2019-01-29T10:40:28.717Z",
      "baseSegmentType": 6,
      "currentErroneousRecordsCount": 0,
      "currentErroneousElementsCount": 0,
      "currentElementErrorsCount": 0,
      "status": 9,
      "progress": 58,
      "notes": "Failed to load data.<br />Error occurred: XX000: 1023",
      "runId": 763,
      "collectionName": "My Collection",
      "mapName": "Babel Demo Map",
      "controlFileId": 1278,
      "rows": null,
      "columns": 262,
      "isPartiallyProcessed": false,
      "reRunValidation": false,
      "totalEncounter": 0,
      "contractTypeId": 1,
      "programProductWeight": 64,
      "jobDetails": {
        "runId": 763,
        "jobId": "7d7cd49a-111f-4431-83ed-a9e4005d83ec",
        "jobStatus": 9,
        "loadExecutionDetails": null
      }
    },
    {
      "id": "4abbdb73-365b-49b2-96d4-a9e4005751bf",
      "dataFile": "Medical Data Dump.csv",
      "uploadedAt": "2019-01-29T10:17:54.973Z",
      "baseSegmentType": 6,
      "currentErroneousRecordsCount": 0,
      "currentErroneousElementsCount": 0,
      "currentElementErrorsCount": 0,
      "status": 6,
      "progress": 93,
      "notes": null,
      "runId": 762,
      "collectionName": "My Collection",
      "mapName": "Corrected Claims map",
      "controlFileId": 1277,
      "rows": 4,
      "columns": 262,
      "isPartiallyProcessed": false,
      "reRunValidation": false,
      "totalEncounter": 0,
      "contractTypeId": 1,
      "programProductWeight": 64,
      "jobDetails": {
        "runId": 762,
        "jobId": "4abbdb73-365b-49b2-96d4-a9e4005751bf",
        "jobStatus": 6,
        "loadExecutionDetails": null
      }
    },
    {
      "id": "5bb870c8-5f43-45fb-831b-a9e400532a79",
      "dataFile": "Client Volume.csv",
      "uploadedAt": "2019-01-29T10:02:47.627Z",
      "baseSegmentType": 6,
      "currentErroneousRecordsCount": 0,
      "currentErroneousElementsCount": 0,
      "currentElementErrorsCount": 0,
      "status": 4,
      "progress": 58,
      "notes": null,
      "runId": 761,
      "collectionName": "My Collection",
      "mapName": "Test Data Map",
      "controlFileId": 1276,
      "rows": null,
      "columns": 262,
      "isPartiallyProcessed": false,
      "reRunValidation": false,
      "totalEncounter": 0,
      "contractTypeId": 1,
      "programProductWeight": 64,
      "jobDetails": {
        "runId": 761,
        "jobId": "5bb870c8-5f43-45fb-831b-a9e400532a79",
        "jobStatus": 4,
        "loadExecutionDetails": null
      }
    },
    {
      "id": "40788f00-db57-4f50-840d-a9e4004cffef",
      "dataFile": "Medical Data.csv",
      "uploadedAt": "2019-01-29T09:40:20.827Z",
      "baseSegmentType": 6,
      "currentErroneousRecordsCount": 0,
      "currentErroneousElementsCount": 0,
      "currentElementErrorsCount": 0,
      "status": 4,
      "progress": 58,
      "notes": null,
      "runId": 760,
      "collectionName": "My Collection",
      "mapName": "Babel Demo Map",
      "controlFileId": 1275,
      "rows": null,
      "columns": 262,
      "isPartiallyProcessed": false,
      "reRunValidation": false,
      "totalEncounter": 0,
      "contractTypeId": 1,
      "programProductWeight": 64,
      "jobDetails": {
        "runId": 760,
        "jobId": "40788f00-db57-4f50-840d-a9e4004cffef",
        "jobStatus": 4,
        "loadExecutionDetails": null
      }
    },
    {
      "id": "14bbbbb0-bd27-44d8-9020-a9e40045f683",
      "dataFile": "Medical File 2018.csv",
      "uploadedAt": "2019-01-29T09:14:43.613Z",
      "baseSegmentType": 6,
      "currentErroneousRecordsCount": 8,
      "currentErroneousElementsCount": 2,
      "currentElementErrorsCount": 10,
      "status": 8,
      "progress": 100,
      "notes": null,
      "runId": 759,
      "collectionName": "My Collection",
      "mapName": "Error Correction",
      "controlFileId": 1274,
      "rows": 9,
      "columns": 262,
      "isPartiallyProcessed": true,
      "reRunValidation": false,
      "totalEncounter": 9,
      "contractTypeId": 1,
      "programProductWeight": 64,
      "jobDetails": {
        "runId": 759,
        "jobId": "14bbbbb0-bd27-44d8-9020-a9e40045f683",
        "jobStatus": 8,
        "loadExecutionDetails": null
      }
    },
    {
      "id": "aa618b10-3fea-4438-81e8-a9e40043a837",
      "dataFile": "Client Data Dump.csv",
      "uploadedAt": "2019-01-29T09:06:19.893Z",
      "baseSegmentType": 6,
      "currentErroneousRecordsCount": 0,
      "currentErroneousElementsCount": 0,
      "currentElementErrorsCount": 0,
      "status": 9,
      "progress": 65,
      "notes": "Failed to load data.<br />Error occurred: A second operation started on this context before a previous asynchronous operation completed. Use 'await' to ensure that any asynchronous operations have completed before calling another method on this context. Any instance members are not guaranteed to be thread safe.",
      "runId": 758,
      "collectionName": "My Collection",
      "mapName": "Babel Demo Map",
      "controlFileId": 1273,
      "rows": null,
      "columns": 262,
      "isPartiallyProcessed": false,
      "reRunValidation": false,
      "totalEncounter": 0,
      "contractTypeId": 1,
      "programProductWeight": 64,
      "jobDetails": {
        "runId": 758,
        "jobId": "aa618b10-3fea-4438-81e8-a9e40043a837",
        "jobStatus": 9,
        "loadExecutionDetails": null
      }
    },
    {
      "id": "662ea2f2-2487-4957-af8c-a9e4001dfcd9",
      "dataFile": "Corrected Volume 2018.csv",
      "uploadedAt": "2019-01-29T06:49:10.887Z",
      "baseSegmentType": 6,
      "currentErroneousRecordsCount": 2,
      "currentErroneousElementsCount": 2,
      "currentElementErrorsCount": 4,
      "status": 8,
      "progress": 100,
      "notes": null,
      "runId": 757,
      "collectionName": "My Collection",
      "mapName": "Test Data Map",
      "controlFileId": 1272,
      "rows": 4,
      "columns": 262,
      "isPartiallyProcessed": true,
      "reRunValidation": false,
      "totalEncounter": 2,
      "contractTypeId": 1,
      "programProductWeight": 64,
      "jobDetails": {
        "runId": 757,
        "jobId": "662ea2f2-2487-4957-af8c-a9e4001dfcd9",
        "jobStatus": 8,
        "loadExecutionDetails": null
      }
    },
    {
      "id": "a5211ae0-446f-4391-8225-a9e4001bcc78",
      "dataFile": "Medical Archive.txt",
      "uploadedAt": "2019-01-29T06:41:12.477Z",
      "baseSegmentType": 6,
      "currentErroneousRecordsCount": 0,
      "currentErroneousElementsCount": 0,
      "currentElementErrorsCount": 0,
      "status": 9,
      "progress": 8,
      "notes": "Failed to load data.<br />Data file 'Medical Archive.txt' (RunId:756) does not contain any valid contract ID.",
      "runId": 756,
      "collectionName": "My Collection",
      "mapName": "Corrected Claims map",
      "controlFileId": 1271,
      "rows": null,
      "columns": 141,
      "isPartiallyProcessed": false,
      "reRunValidation": false,
      "totalEncounter": 0,
      "contractTypeId": null,
      "programProductWeight": 0,
      "jobDetails": {
        "runId": 756,
        "jobId": "a5211ae0-446f-4391-8225-a9e4001bcc78",
        "jobStatus": 9,
        "loadExecutionDetails": null
      }
    },
    {
      "id": "40623bea-05ff-4430-9ac8-a9e40019e635",
      "dataFile": "Claim_list File 2018.txt",
      "uploadedAt": "2019-01-29T06:34:17.617Z",
      "baseSegmentType": 6,
      "currentErroneousRecordsCount": 0,
      "currentErroneousElementsCount": 0,
      "currentElementErrorsCount": 0,
      "status": 9,
      "progress": 36,
      "notes": "Failed to load data.<br />Data file 'Claim_list File 2018.txt' (RunId:755) does not contain any valid contract ID.",
      "runId": 755,
      "collectionName": "My Collection",
      "mapName": "Error Correction",
      "controlFileId": 1269,
      "rows": null,
      "columns": 141,
      "isPartiallyProcessed": false,
      "reRunValidation": false,
      "totalEncounter": 0,
      "contractTypeId": null,
      "programProductWeight": 0,
      "jobDetails": {
        "runId": 755,
        "jobId": "40623bea-05ff-4430-9ac8-a9e40019e635",
        "jobStatus": 9,
        "loadExecutionDetails": null
      }
    },
    {
      "id": "e20c5a4d-3169-4f70-ae72-a9e40013c49b",
      "dataFile": "Corrected Archive 20190129.txt",
      "uploadedAt": "2019-01-29T06:11:58.367Z",
      "baseSegmentType": 6,
      "currentErroneousRecordsCount": 0,
      "currentErroneousElementsCount": 0,
      "currentElementErrorsCount": 0,
      "status": 9,
      "progress": 8,
      "notes": "Failed to load data.<br />Data file 'Corrected Archive 20190129.txt' (RunId:754) does not contain any valid contract ID.",
      "runId": 754,
      "collectionName": "My Collection",
      "mapName": "Corrected Claims map",
      "controlFileId": 1267,
      "rows": null,
      "columns": 262,
      "isPartiallyProcessed": false,
      "reRunValidation": false,
      "totalEncounter": 0,
      "contractTypeId": null,
      "programProductWeight": 0,
      "jobDetails": {
        "runId": 754,
        "jobId": "e20c5a4d-3169-4f70-ae72-a9e40013c49b",
        "jobStatus": 9,
        "loadExecutionDetails": null
      }
    },
    {
      "id": "c4201873-e132-4874-b533-a9e4000f991c",
      "dataFile": "Client File 2018.txt",
      "uploadedAt": "2019-01-29T05:56:47.233Z",
      "baseSegmentType": 6,
      "currentErroneousRecordsCount": 0,
      "currentErroneousElementsCount": 0,
      "currentElementErrorsCount": 0,
      "status": 9,
      "progress": 36,
      "notes": "Failed to load data.<br />Data file 'Client File 2018.txt' (RunId:753) does not contain any valid contract ID.",
      "runId": 753,
      "collectionName": "My Collection",
      "mapName": "Babel Demo Map",
      "controlFileId": 1265,
      "rows": null,
      "columns": 262,
      "isPartiallyProcessed": false,
      "reRunValidation": false,
      "totalEncounter": 0,
      "contractTypeId": null,
      "programProductWeight": 0,
      "jobDetails": {
        "runId": 753,
        "jobId": "c4201873-e132-4874-b533-a9e4000f991c",
        "jobStatus": 9,
        "loadExecutionDetails": null
      }
    },
    {
      "id": "23d58dfe-1889-414a-b8f6-a9e201814f3c",
      "dataFile": "Medical Archive.csv",
      "uploadedAt": "2019-01-28T04:22:51.907Z",
      "baseSegmentType": 6,
      "currentErroneousRecordsCount": 1,
      "currentErroneousElementsCount": 3,
      "currentElementErrorsCount": 3,
      "status": 7,
      "progress": 100,
      "notes": null,
      "runId": 752,
      "collectionName": "My Collection",
      "mapName": "Test Data Map",
      "controlFileId": 1264,
      "rows": 1,
      "columns": 262,
      "isPartiallyProcessed": true,
      "reRunValidation": false,
      "totalEncounter": 1,
      "contractTypeId": 1,
      "programProductWeight": 64,
      "jobDetails": {
        "runId": 752,
        "jobId": "23d58dfe-1889-414a-b8f6-a9e201814f3c",
        "jobStatus": 7,
        "loadExecutionDetails": null
      }
    },
    {
      "id": "6ed55394-b925-43be-be41-a9e000587cc3",
      "dataFile": "Corrected Archive 20190125.csv",
      "uploadedAt": "2019-01-25T10:22:10.18Z",
      "baseSegmentType": 6,
      "currentErroneousRecordsCount": 1,
      "currentErroneousElementsCount": 3,
      "currentElementErrorsCount": 3,
      "status": 8,
      "progress": 100,
      "notes": null,
      "runId": 751,
      "collectionName": "My Collection",
      "mapName": "Test Data Map",
      "controlFileId": 1263,
      "rows": 1,
      "columns": 262,
      "isPartiallyProcessed": true,
      "reRunValidation": false,
      "totalEncounter": 1,
      "contractTypeId": 1,
      "programProductWeight": 64,
      "jobDetails": {
        "runId": 751,
        "jobId": "6ed55394-b925-43be-be41-a9e000587cc3",
        "jobStatus": 8,
        "loadExecutionDetails": null
      }
    },
    {
      "id": "378603ab-826e-4542-9113-a9e000269cf5",
      "dataFile": "Client Data Dump 2018.txt",
      "uploadedAt": "2019-01-25T07:20:35.127Z",
      "baseSegmentType": 6,
      "currentErroneousRecordsCount": 1345,
      "currentErroneousElementsCount": 45,
      "currentElementErrorsCount": 1765,
      "status": 8,
      "progress": 100,
      "notes": null,
      "runId": 750,
      "collectionName": "My Collection",
      "mapName": "Test Data Map",
      "controlFileId": 1262,
      "rows": 170956,
      "columns": 262,
      "isPartiallyProcessed": true,
      "reRunValidation": false,
      "totalEncounter": 57675,
      "contractTypeId": 1,
      "programProductWeight": 64,
      "jobDetails": {
        "runId": 750,
        "jobId": "378603ab-826e-4542-9113-a9e000269cf5",
        "jobStatus": 8,
        "loadExecutionDetails": null
      }
    },
    {
      "id": "871a0f58-dc2f-4991-aed0-a9e0001dbbc3",
      "dataFile": "Corrected Data Dump 20190125.csv",
      "uploadedAt": "2019-01-25T06:48:15.177Z",
      "baseSegmentType": 6,
      "currentErroneousRecordsCount": 1,
      "currentErroneousElementsCount": 3,
      "currentElementErrorsCount": 3,
      "status": 7,
      "progress": 100,
      "notes": null,
      "runId": 749,
      "collectionName": "My Collection",
      "mapName": "Error Correction",
      "controlFileId": 1261,
      "rows": 1,
      "columns": 262,
      "isPartiallyProcessed": true,
      "reRunValidation": false,
      "totalEncounter": 1,
      "contractTypeId": 1,
      "programProductWeight": 64,
      "jobDetails": {
        "runId": 749,
        "jobId": "871a0f58-dc2f-4991-aed0-a9e0001dbbc3",
        "jobStatus": 7,
        "loadExecutionDetails": null
      }
    },
    {
      "id": "2f00a73e-71bf-4c21-be41-a9e00015db0d",
      "dataFile": "Medical File 2018.txt",
      "uploadedAt": "2019-01-25T06:19:34.42Z",
      "baseSegmentType": 6,
      "currentErroneousRecordsCount": 1,
      "currentErroneousElementsCount": 3,
      "currentElementErrorsCount": 3,
      "status": 8,
      "progress": 100,
      "notes": null,
      "runId": 748,
      "collectionName": "My Collection",
      "mapName": "Corrected Claims map",
      "controlFileId": 1260,
      "rows": 1,
      "columns": 262,
      "isPartiallyProcessed": true,
      "reRunValidation": false,
      "totalEncounter": 1,
      "contractTypeId": 1,
      "programProductWeight": 64,
      "jobDetails": {
        "runId": 748,
        "jobId": "2f00a73e-71bf-4c21-be41-a9e00015db0d",
        "jobStatus": 8,
        "loadExecutionDetails": null
      }
    },
    {
      "id": "871a0f58-dc2f-4991-aed0-a9e0001dbbc3",
      "dataFile": "Claim_list File 2018.txt",
      "uploadedAt": "2019-01-25T06:48:15.177Z",
      "baseSegmentType": 6,
      "currentErroneousRecordsCount": 1,
      "currentErroneousElementsCount": 3,
      "currentElementErrorsCount": 3,
      "status": 7,
      "progress": 100,
      "notes": null,
      "runId": 749,
      "collectionName": "My Collection",
      "mapName": "Babel Demo Map",
      "controlFileId": 1261,
      "rows": 1,
      "columns": 262,
      "isPartiallyProcessed": true,
      "reRunValidation": false,
      "totalEncounter": 1,
      "contractTypeId": 1,
      "programProductWeight": 64,
      "jobDetails": {
        "runId": 749,
        "jobId": "871a0f58-dc2f-4991-aed0-a9e0001dbbc3",
        "jobStatus": 7,
        "loadExecutionDetails": null
      }
    },
    {
      "id": "2f00a73e-71bf-4c21-be41-a9e00015db0d",
      "dataFile": "Medical Data 2018.csv",
      "uploadedAt": "2019-01-25T06:19:34.42Z",
      "baseSegmentType": 6,
      "currentErroneousRecordsCount": 1,
      "currentErroneousElementsCount": 3,
      "currentElementErrorsCount": 3,
      "status": 8,
      "progress": 100,
      "notes": null,
      "runId": 748,
      "collectionName": "My Collection",
      "mapName": "Error Correction",
      "controlFileId": 1260,
      "rows": 1,
      "columns": 262,
      "isPartiallyProcessed": true,
      "reRunValidation": false,
      "totalEncounter": 1,
      "contractTypeId": 1,
      "programProductWeight": 64,
      "jobDetails": {
        "runId": 748,
        "jobId": "2f00a73e-71bf-4c21-be41-a9e00015db0d",
        "jobStatus": 8,
        "loadExecutionDetails": null
      }
    }
  ],
  "count": 27
}